{
  "terrain_class": "Alpine",
  "n_windows": 309,
  "hurst_exponent": {
    "mean": 0.7671994,
    "std": 0.050777186,
    "p10": 0.70283586,
    "p90": 0.82226753
  },
  "roughness_elev_corr": {
    "mean": 0.48599046,
    "std": 0.24723428,
    "p10": 0.11260431,
    "p90": 0.71154296
  },
  "multifractal_width": {
    "mean": 0.8401268,
    "std": 0.8725369,
    "p10": 0.21473221,
    "p90": 2.1535785
  },
  "grain_anisotropy": {
    "mean": 0.903059,
    "std": 0.0564398,
    "p10": 0.8251624,
    "p90": 0.9679774
  },
  "hypsometric_integral": {
    "mean": 0.32832214,
    "std": 0.104691595,
    "p10": 0.20838937,
    "p90": 0.47455016
  },
  "slope_mode_deg": {
    "mean": 3.920712,
    "std": 7.6160436,
    "p10": 0.5,
    "p90": 10.5
  },
  "geomorphon_histogram": {
    "mean": [
      0.11356514,
      0.0062022535,
      0.06626449,
      0.019902905,
      0.13617043,
      0.43138582,
      0.12334079,
      0.03222724,
      0.06919188,
      0.0017490202
    ],
    "std": [
      0.09990913,
      0.0034955025,
      0.027356321,
      0.0143340565,
      0.031193538,
      0.061416935,
      0.032933217,
      0.019725444,
      0.03234802,
      0.002568477
    ],
    "p10": [
      0.0019416809,
      0.0033721924,
      0.039310455,
      0.0024032593,
      0.09489441,
      0.3469925,
      0.08013153,
      0.0052375793,
      0.037029266,
      0.00020980835
    ],
    "p90": [
      0.24224472,
      0.0090065,
      0.10381317,
      0.040554047,
      0.1789093,
      0.5067749,
      0.16786194,
      0.059963226,
      0.114105225,
      0.0044822693
    ]
  },
  "drainage_density": {
    "mean": 2.1392524,
    "std": 0.643497,
    "p10": 1.3478173,
    "p90": 3.013187
  },
  "morans_i": {
    "mean": 0.18293473,
    "std": 0.1363144,
    "p10": 0.0078087565,
    "p90": 0.36009327
  },
  "tpi_scale_ratio": {
    "mean": 0.09471518,
    "std": 0.02101531,
    "p10": 0.073132046,
    "p90": 0.12530538
  }
}