{
  "terrain_class": "Alpine",
  "n_windows": 377,
  "hurst_exponent": {
    "mean": 0.75784755,
    "std": 0.06441566,
    "p10": 0.68325037,
    "p90": 0.8193875
  },
  "roughness_elev_corr": {
    "mean": 0.4444767,
    "std": 0.28315592,
    "p10": 0.02337105,
    "p90": 0.71154296
  },
  "multifractal_width": {
    "mean": 0.7702002,
    "std": 0.81109506,
    "p10": 0.20372052,
    "p90": 1.1226625
  },
  "grain_anisotropy": {
    "mean": 0.90850836,
    "std": 0.054579742,
    "p10": 0.83263886,
    "p90": 0.96902055
  },
  "hypsometric_integral": {
    "mean": 0.33524823,
    "std": 0.11969387,
    "p10": 0.19645974,
    "p90": 0.5129052
  },
  "slope_mode_deg": {
    "mean": 5.5901856,
    "std": 8.987903,
    "p10": 0.5,
    "p90": 20.5
  },
  "geomorphon_histogram": {
    "mean": [
      0.10463022,
      0.0067871152,
      0.07154544,
      0.018839292,
      0.14222175,
      0.41948104,
      0.12921855,
      0.029357769,
      0.075530246,
      0.0023883951
    ],
    "std": [
      0.10966759,
      0.003707272,
      0.0287789,
      0.015595277,
      0.03512661,
      0.07207222,
      0.035988793,
      0.020538596,
      0.033779953,
      0.0029320691
    ],
    "p10": [
      0.00051116943,
      0.0034675598,
      0.04135132,
      0.00050735474,
      0.095760345,
      0.32424545,
      0.083530426,
      0.0016517639,
      0.038604736,
      0.00025177002
    ],
    "p90": [
      0.2404747,
      0.011608124,
      0.11426163,
      0.04191208,
      0.1878357,
      0.50185776,
      0.17917252,
      0.057346344,
      0.12490463,
      0.006511688
    ]
  },
  "drainage_density": {
    "mean": 2.2749872,
    "std": 0.6849805,
    "p10": 1.4071994,
    "p90": 3.1867132
  },
  "morans_i": {
    "mean": 0.19010548,
    "std": 0.13356787,
    "p10": 0.02129771,
    "p90": 0.3551985
  },
  "tpi_scale_ratio": {
    "mean": 0.10012272,
    "std": 0.029068591,
    "p10": 0.074088745,
    "p90": 0.13039616
  }
}