{
  "terrain_class": "Coastal",
  "n_windows": 52,
  "hurst_exponent": {
    "mean": 0.4995468,
    "std": 0.056662828,
    "p10": 0.41617364,
    "p90": 0.57207423
  },
  "roughness_elev_corr": {
    "mean": 0.054749582,
    "std": 0.17122139,
    "p10": -0.15561199,
    "p90": 0.24032515
  },
  "multifractal_width": {
    "mean": 0.6472383,
    "std": 0.9227987,
    "p10": 0.1490139,
    "p90": 0.7404843
  },
  "grain_anisotropy": {
    "mean": 0.95572066,
    "std": 0.019662417,
    "p10": 0.9343285,
    "p90": 0.97964454
  },
  "hypsometric_integral": {
    "mean": 0.46693093,
    "std": 0.11516097,
    "p10": 0.33372054,
    "p90": 0.6060345
  },
  "slope_mode_deg": {
    "mean": 0.84615386,
    "std": 0.47574303,
    "p10": 0.5,
    "p90": 1.5
  },
  "geomorphon_histogram": {
    "mean": [
      0.5484337,
      0.0015693072,
      0.037433527,
      0.09302822,
      0.034074098,
      0.12624891,
      0.030369408,
      0.07765449,
      0.049454097,
      0.001734243
    ],
    "std": [
      0.3239568,
      0.0015515573,
      0.03340187,
      0.052245907,
      0.033057455,
      0.10461929,
      0.028834967,
      0.039496064,
      0.040334176,
      0.0015491382
    ],
    "p10": [
      0.132267,
      0.000045776367,
      0.0013504028,
      0.019809723,
      0.00090026855,
      0.010349274,
      0.0005569458,
      0.01922226,
      0.0016665341,
      0.000042406205
    ],
    "p90": [
      0.9380379,
      0.0033035278,
      0.08125305,
      0.1513443,
      0.0782547,
      0.26100922,
      0.066783905,
      0.11994934,
      0.101486206,
      0.003791809
    ]
  },
  "drainage_density": {
    "mean": 0.8859381,
    "std": 0.76430076,
    "p10": 0.023566352,
    "p90": 1.8856049
  },
  "morans_i": {
    "mean": 0.23643549,
    "std": 0.13979146,
    "p10": 0.053825174,
    "p90": 0.40433705
  },
  "tpi_scale_ratio": {
    "mean": 0.27837852,
    "std": 0.048608866,
    "p10": 0.22422941,
    "p90": 0.3473541
  }
}