{
  "terrain_class": "Cratonic",
  "n_windows": 165,
  "hurst_exponent": {
    "mean": 0.5573682,
    "std": 0.118268974,
    "p10": 0.48228303,
    "p90": 0.6619824
  },
  "roughness_elev_corr": {
    "mean": 0.3524985,
    "std": 0.23643538,
    "p10": 0.052715983,
    "p90": 0.63183755
  },
  "multifractal_width": {
    "mean": 0.41912952,
    "std": 0.44695932,
    "p10": 0.123130575,
    "p90": 0.6476498
  },
  "grain_anisotropy": {
    "mean": 0.85535794,
    "std": 0.0735829,
    "p10": 0.7719151,
    "p90": 0.9342935
  },
  "hypsometric_integral": {
    "mean": 0.277661,
    "std": 0.1176006,
    "p10": 0.1370009,
    "p90": 0.4351294
  },
  "slope_mode_deg": {
    "mean": 0.5,
    "std": 0.0,
    "p10": 0.5,
    "p90": 0.5
  },
  "geomorphon_histogram": {
    "mean": [
      0.69384384,
      0.002850365,
      0.02380066,
      0.052379884,
      0.02513185,
      0.095989645,
      0.018729793,
      0.06419155,
      0.021421583,
      0.0016608498
    ],
    "std": [
      0.1725389,
      0.002578053,
      0.01693047,
      0.026111268,
      0.02009393,
      0.06511723,
      0.016397405,
      0.03222176,
      0.01688936,
      0.0023324608
    ],
    "p10": [
      0.46131516,
      0.00046157837,
      0.0049591064,
      0.015708923,
      0.0038986206,
      0.022315979,
      0.0016479492,
      0.019306183,
      0.0038375854,
      0.00009918213
    ],
    "p90": [
      0.91103363,
      0.006504059,
      0.04919052,
      0.087070465,
      0.05469513,
      0.18379211,
      0.04257202,
      0.10611725,
      0.047050476,
      0.0041923523
    ]
  },
  "drainage_density": {
    "mean": 0.45160025,
    "std": 0.35770568,
    "p10": 0.08443197,
    "p90": 0.97232395
  },
  "morans_i": {
    "mean": 0.18715332,
    "std": 0.119746216,
    "p10": 0.02702441,
    "p90": 0.34983802
  },
  "tpi_scale_ratio": {
    "mean": 0.24740173,
    "std": 0.14035165,
    "p10": 0.13198873,
    "p90": 0.33360118
  }
}