{
  "terrain_class": "FluvialArid",
  "n_windows": 221,
  "hurst_exponent": {
    "mean": 0.66656876,
    "std": 0.08532978,
    "p10": 0.550662,
    "p90": 0.782269
  },
  "roughness_elev_corr": {
    "mean": 0.3202434,
    "std": 0.27865463,
    "p10": -0.08657677,
    "p90": 0.62872833
  },
  "multifractal_width": {
    "mean": 0.67447466,
    "std": 0.64554334,
    "p10": 0.25830576,
    "p90": 0.906761
  },
  "grain_anisotropy": {
    "mean": 0.87571895,
    "std": 0.06772435,
    "p10": 0.78136045,
    "p90": 0.95392513
  },
  "hypsometric_integral": {
    "mean": 0.34808594,
    "std": 0.11654833,
    "p10": 0.21656473,
    "p90": 0.52141225
  },
  "slope_mode_deg": {
    "mean": 1.5226245,
    "std": 2.9111168,
    "p10": 0.5,
    "p90": 2.5
  },
  "geomorphon_histogram": {
    "mean": [
      0.15432988,
      0.007956734,
      0.07586806,
      0.047322597,
      0.11827735,
      0.34789458,
      0.103217684,
      0.06337924,
      0.078225635,
      0.0035281635
    ],
    "std": [
      0.10447697,
      0.0047107525,
      0.02218238,
      0.028632801,
      0.03108732,
      0.07861371,
      0.030672811,
      0.032510053,
      0.026586354,
      0.0034184658
    ],
    "p10": [
      0.032672882,
      0.0031814575,
      0.049022675,
      0.013870239,
      0.077617645,
      0.2449646,
      0.06434631,
      0.02500534,
      0.04524231,
      0.00037384033
    ],
    "p90": [
      0.3258171,
      0.014701843,
      0.105163574,
      0.08841705,
      0.15919495,
      0.44916534,
      0.14502335,
      0.109371185,
      0.11511612,
      0.0080451965
    ]
  },
  "drainage_density": {
    "mean": 2.0160363,
    "std": 0.5479194,
    "p10": 1.3511658,
    "p90": 2.7930365
  },
  "morans_i": {
    "mean": 0.22051327,
    "std": 0.1430509,
    "p10": 0.062117204,
    "p90": 0.40437388
  },
  "tpi_scale_ratio": {
    "mean": 0.14694908,
    "std": 0.04207685,
    "p10": 0.08785312,
    "p90": 0.19793737
  }
}