{
  "terrain_class": "FluvialArid",
  "n_windows": 218,
  "hurst_exponent": {
    "mean": 0.664746,
    "std": 0.08435129,
    "p10": 0.5490576,
    "p90": 0.78005946
  },
  "roughness_elev_corr": {
    "mean": 0.32052416,
    "std": 0.2774589,
    "p10": -0.08657677,
    "p90": 0.62740207
  },
  "multifractal_width": {
    "mean": 0.67556196,
    "std": 0.6492949,
    "p10": 0.2509932,
    "p90": 0.906761
  },
  "grain_anisotropy": {
    "mean": 0.87604916,
    "std": 0.06768205,
    "p10": 0.78136045,
    "p90": 0.95392513
  },
  "hypsometric_integral": {
    "mean": 0.3475523,
    "std": 0.11671266,
    "p10": 0.2128213,
    "p90": 0.52141225
  },
  "slope_mode_deg": {
    "mean": 1.2477064,
    "std": 0.6944205,
    "p10": 0.5,
    "p90": 2.5
  },
  "geomorphon_histogram": {
    "mean": [
      0.15639082,
      0.0079783695,
      0.07573754,
      0.047934033,
      0.1172661,
      0.3468966,
      0.10203943,
      0.0641657,
      0.07803474,
      0.0035565752
    ],
    "std": [
      0.103694,
      0.0047342638,
      0.022234023,
      0.028346032,
      0.030061057,
      0.07854847,
      0.02917604,
      0.03202338,
      0.026649693,
      0.0034325472
    ],
    "p10": [
      0.033611298,
      0.0031738281,
      0.049022675,
      0.014053345,
      0.07722473,
      0.2446518,
      0.06433487,
      0.026241302,
      0.04510498,
      0.00037002563
    ],
    "p90": [
      0.3258171,
      0.014701843,
      0.105163574,
      0.08841705,
      0.15812683,
      0.44789886,
      0.14161682,
      0.109371185,
      0.11511612,
      0.0080451965
    ]
  },
  "drainage_density": {
    "mean": 2.0008235,
    "std": 0.53547865,
    "p10": 1.3281505,
    "p90": 2.7529824
  },
  "morans_i": {
    "mean": 0.21792153,
    "std": 0.14113359,
    "p10": 0.0605834,
    "p90": 0.39924267
  },
  "tpi_scale_ratio": {
    "mean": 0.14770667,
    "std": 0.04184788,
    "p10": 0.08785312,
    "p90": 0.19793737
  }
}