{
  "terrain_class": "FluvialHumid",
  "n_windows": 142,
  "hurst_exponent": {
    "mean": 0.4939334,
    "std": 0.10281847,
    "p10": 0.3568543,
    "p90": 0.6286727
  },
  "roughness_elev_corr": {
    "mean": 0.22192882,
    "std": 0.27941144,
    "p10": -0.18447414,
    "p90": 0.55988675
  },
  "multifractal_width": {
    "mean": 0.5813185,
    "std": 0.6608456,
    "p10": 0.17001462,
    "p90": 0.8880169
  },
  "grain_anisotropy": {
    "mean": 0.95872045,
    "std": 0.02798341,
    "p10": 0.923661,
    "p90": 0.9874185
  },
  "hypsometric_integral": {
    "mean": 0.3611355,
    "std": 0.11848038,
    "p10": 0.21824843,
    "p90": 0.5089363
  },
  "slope_mode_deg": {
    "mean": 1.2464789,
    "std": 1.9480462,
    "p10": 0.5,
    "p90": 2.5
  },
  "geomorphon_histogram": {
    "mean": [
      0.45252293,
      0.0034925702,
      0.051757812,
      0.07562269,
      0.058260635,
      0.18281385,
      0.046936303,
      0.05987973,
      0.06501644,
      0.0036970596
    ],
    "std": [
      0.32617193,
      0.004659555,
      0.043109305,
      0.041155815,
      0.05339542,
      0.13487923,
      0.042261254,
      0.032393713,
      0.048658077,
      0.0033342668
    ],
    "p10": [
      0.0383873,
      0.0002670288,
      0.004085541,
      0.013996124,
      0.0015296936,
      0.011207581,
      0.0015602112,
      0.014057159,
      0.0036315918,
      0.00017166138
    ],
    "p90": [
      0.9368477,
      0.008281708,
      0.11605072,
      0.123874664,
      0.13806915,
      0.37355042,
      0.10298157,
      0.09876251,
      0.13719177,
      0.0077056885
    ]
  },
  "drainage_density": {
    "mean": 1.2439188,
    "std": 0.99226564,
    "p10": 0.05967882,
    "p90": 2.6623197
  },
  "morans_i": {
    "mean": 0.22291815,
    "std": 0.12434262,
    "p10": 0.068332486,
    "p90": 0.37803453
  },
  "tpi_scale_ratio": {
    "mean": 0.2737333,
    "std": 0.08556856,
    "p10": 0.1665415,
    "p90": 0.39327493
  }
}