{
  "terrain_class": "FluvialHumid",
  "n_windows": 106,
  "hurst_exponent": {
    "mean": 0.53630185,
    "std": 0.081458114,
    "p10": 0.4258265,
    "p90": 0.6383458
  },
  "roughness_elev_corr": {
    "mean": 0.17835276,
    "std": 0.26930553,
    "p10": -0.19834007,
    "p90": 0.484918
  },
  "multifractal_width": {
    "mean": 0.57731265,
    "std": 0.7171103,
    "p10": 0.16205393,
    "p90": 0.8880169
  },
  "grain_anisotropy": {
    "mean": 0.9631321,
    "std": 0.022481669,
    "p10": 0.92993927,
    "p90": 0.98872095
  },
  "hypsometric_integral": {
    "mean": 0.37399048,
    "std": 0.11864737,
    "p10": 0.22612259,
    "p90": 0.54109955
  },
  "slope_mode_deg": {
    "mean": 1.481132,
    "std": 2.2019763,
    "p10": 0.5,
    "p90": 2.5
  },
  "geomorphon_histogram": {
    "mean": [
      0.4039205,
      0.0032845263,
      0.053033434,
      0.073685594,
      0.06898909,
      0.21492116,
      0.054506015,
      0.056076445,
      0.06762814,
      0.0039550853
    ],
    "std": [
      0.3401535,
      0.004873348,
      0.04539888,
      0.0423079,
      0.056453694,
      0.13880363,
      0.044892557,
      0.031892683,
      0.0508989,
      0.0034681717
    ],
    "p10": [
      0.023612976,
      0.00024032593,
      0.0036811829,
      0.0121536255,
      0.0014762878,
      0.011039734,
      0.0015525818,
      0.012069702,
      0.0033302307,
      0.00017166138
    ],
    "p90": [
      0.9483261,
      0.008319855,
      0.12408447,
      0.12319183,
      0.14257431,
      0.38635254,
      0.12164307,
      0.09712982,
      0.14385986,
      0.008140564
    ]
  },
  "drainage_density": {
    "mean": 1.3570458,
    "std": 1.0545425,
    "p10": 0.054338243,
    "p90": 2.9262967
  },
  "morans_i": {
    "mean": 0.21417323,
    "std": 0.12242933,
    "p10": 0.0678531,
    "p90": 0.37531212
  },
  "tpi_scale_ratio": {
    "mean": 0.23864275,
    "std": 0.06720303,
    "p10": 0.15972236,
    "p90": 0.34254256
  }
}